Username,Password,Domain
tonySoprano,Password1,contoso.org
chrisMoltisanti,Password2,contoso.org
paulieWalnuts,Password3,contoso.org
silvioDante,Password4,contoso.org
michaelJordan,Password5,contoso.org
billGates,Password6,contoso.org
henryHill,Password7,contoso.org
jimmyConway,Password8,contoso.org
vitoCorleone,Password9,contoso.org
michaelCorleone,Password10,contoso.org
raymondReddington,Password11,contoso.org
patrickBateman,Password12,contoso.org
clarkKent,Password13,contoso.org
bruceWayne,Password14,contoso.org
barryAllen,Password15,contoso.org
bruceBanner,Password16,contoso.org
steveJobs,Password17,contoso.org
elonMusk,Password18,contoso.org
jeffBezos,Password19,contoso.org
paulieCicero,Password20,contoso.org
jimmyTwoTimes,Password21,contoso.org
carmeloAnthony,Password22,contoso.org
davidOrtiz,Password23,contoso.org
babeRuth,Password24,contoso.org
lebronJames,Password25,contoso.org
kevinDurant,Password26,contoso.org
tomBrady,Password27,contoso.org